<?xml version="1.0" encoding="UTF-8" standalone="yes"?>
<addon id="plugin.video.tvstreamx" name="[COLOR magenta][B]TV[/COLOR][COLOR yellow]STREAMX[/B][/COLOR]" version="1.1.4" provider-name="[B]TEAM GHOST[/B]"> 
    <requires>
        <!-- Dependências essenciais para o seu addon funcionar -->
        <import addon="xbmc.python" version="3.0.0"/>
        <import addon="script.module.six" />
        <import addon="script.module.kodi-six" />
        <import addon="script.module.requests"/>
        <import addon="script.module.beautifulsoup4"/>
        <import addon="inputstream.ffmpegdirect" />
        
        <!-- Dependência que estava faltando e que seu código usa -->
        <import addon="script.module.netunblock"/>
        
        <!-- Dependência para o serviço de EPG -->
        <import addon="script.module.flask" />
    </requires>
    
    <!-- Extensão #1: Define o plugin de vídeo principal -->
    <extension point="xbmc.python.pluginsource" library="app.py">
        <provides>video</provides>
    </extension>
    
    <!-- Extensão #2: Define o serviço de fundo (separado) -->
    <extension point="xbmc.service" library="service.py" start="startup" />
    
    <!-- Extensão #3: Metadados do Addon -->
    <extension point="xbmc.addon.metadata">
		<summary lang="pt">[COLOR magenta][B]TV[/COLOR][COLOR yellow]STREAMX[/B][/COLOR] [B]É UM PLUGIN FREE E VIP.</summary>
		<description lang="pt_br">[B]Sua nova central de entretenimento. Acesse canais de TV abertos e gratuitos ou torne-se membro VIP para desbloquear o acesso a listas premium de canais com guia de programação (EPG), filmes e séries. Nenhum conteúdo é hospedado por nós; o addon apenas organiza links de fontes externas.[/B]</description>
        <platform>all</platform>
        <disclaimer>[B][COLOR red]AVISO LEGAL:[/B][/COLOR] [B]O [COLOR magenta][B]TV[/COLOR][COLOR yellow]STREAMX[/B][/COLOR] [B]é uma ferramenta de busca e agregação. Não hospedamos, possuímos ou temos controle sobre qualquer conteúdo exibido. Todo o material é proveniente de fontes externas na internet, com as quais não temos qualquer afiliação. A responsabilidade pela utilização do conteúdo e pela verificação de sua legalidade é inteiramente do usuário final. Utilize por sua conta e risco.[/B]</disclaimer>
        <assets>
            <icon>icon.png</icon>
            <fanart>fanart.jpg</fanart>
        </assets>
    </extension>
</addon>