<?xml version="1.0" encoding="UTF-8"?>
<addon
  id="pvr.tvsyncpvr"
  version="20.6.3"
  name="TVSYNC PRV SIMPLE CLIENT"
  provider-name="@BLACKGHOST_B">
  <requires>
<import addon="kodi.binary.global.main" minversion="2.0.0" version="2.0.2"/>
<import addon="kodi.binary.global.general" minversion="1.0.4" version="1.0.5"/>
<import addon="kodi.binary.global.filesystem" minversion="1.1.7" version="1.1.7"/>
<import addon="kodi.binary.global.tools" minversion="1.0.0" version="1.0.4"/>
<import addon="kodi.binary.instance.pvr" minversion="8.2.0" version="8.2.0"/>
    <import addon="inputstream.ffmpegdirect" minversion="1.19.0"/>
    <import addon="inputstream.adaptive" minversion="2.6.6"/>
    <import addon="inputstream.rtmp" minversion="3.4.0"/>
  </requires>
  <extension
    point="kodi.pvrclient"
    library_android="libpvr.tvsyncprv.so"/>
  <extension point="xbmc.addon.metadata">
    <platform>android-aarch64</platform>
    <license>GPL-2.0-or-later</license>
    <source>https://github.com/kodi-pvr/pvr.iptvsimple</source>
    <forum>https://forum.kodi.tv/forumdisplay.php?fid=215</forum>
    <assets>
      <fanart>fanart.jpg</fanart>
      <icon>icon.png</icon>
    </assets>
    <summary lang="af_ZA">Kodi PVR byvoegsel vir IPTV ondersteuning. https://github.com/afedchin/Kodi-addon-iptvsimple/wiki/IPTV-Simple-Home</summary>
    <summary lang="az_AZ">IPTV dəstəyi üçün Kodi PVR əlavəsini yükləyin.&amp;#10;https://github.com/afedchin/Kodi-addon-iptvsimple/wiki/IPTV-Simple-Home</summary>
    <summary lang="bg_BG">Добавка за ПВР за поддръжка на IPTV. https://github.com/afedchin/Kodi-addon-iptvsimple/wiki/IPTV-Simple-Home</summary>
    <summary lang="ca_ES">Complement PVR de Kodi per al suport d'IPTV https://github.com/afedchin/Kodi-addon-iptvsimple/wiki/IPTV-Simple-Home</summary>
    <summary lang="cs_CZ">IPTV PVR doplněk pro Kodi. https://github.com/afedchin/Kodi-addon-iptvsimple/wiki/IPTV-Simple-Home</summary>
    <summary lang="cy_GB">Ychwanegyn recordydd Kodi ar gyfer cefnogi IPTV. https://github.com/afedchin/Kodi-addon-iptvsimple/wiki/IPTV-Simple-Home</summary>
    <summary lang="da_DK">Kodi PVR addon til IPTV support.</summary>
    <summary lang="de_DE">Kodi PVR-Addon für IPTV-Unterstützung.</summary>
    <summary lang="el_GR">Πρόσθετο του Kodi για PVR, με υποστήριξη IPTV. Για λεπτομέρειες επισκεφθείτε το: https://github.com/afedchin/Kodi-addon-iptvsimple/wiki/IPTV-Simple-Home</summary>
    <summary lang="en_AU">Kodi PVR addon for IPTV support. https://github.com/afedchin/Kodi-addon-iptvsimple/wiki/IPTV-Simple-Home</summary>
    <summary lang="en_GB">Kodi PVR addon for IPTV support.</summary>
    <summary lang="en_NZ">Kodi PVR addon for IPTV support. https://github.com/afedchin/Kodi-addon-iptvsimple/wiki/IPTV-Simple-Home</summary>
    <summary lang="en_US">Kodi PVR addon for IPTV support. https://github.com/afedchin/Kodi-addon-iptvsimple/wiki/IPTV-Simple-Home</summary>
    <summary lang="es_AR">Addon Kodi PVR para soporte IPTV. https://github.com/afedchin/Kodi-addon-iptvsimple/wiki/IPTV-Simple-Home</summary>
    <summary lang="es_ES">Kodi PVR addon para soporte IPTV. https://github.com/afedchin/Kodi-addon-iptvsimple/wiki/IPTV-Simple-Home</summary>
    <summary lang="es_MX">Complemento Kodi PVR para soporte de IPTV. https://github.com/afedchin/Kodi-addon-iptvsimple/wiki/IPTV-Simple-Home</summary>
    <summary lang="et_EE">Kodi IPTV lisamoodul.</summary>
    <summary lang="fi_FI">Kodin IPTV-lisäosa. https://github.com/afedchin/Kodi-addon-iptvsimple/wiki/IPTV-Simple-Home</summary>
    <summary lang="fr_CA">Addiciel de numériscope Kodi pour la prise en charge d’IPTV</summary>
    <summary lang="fr_FR">Extension enregistreur vidéo (PVR) pour la gestion IPTV. https://github.com/afedchin/Kodi-addon-iptvsimple/wiki/IPTV-Simple-Home</summary>
    <summary lang="gl_ES">Complemento PVR do Kodi de soporte á IPTV. https://github.com/afedchin/Kodi-addon-iptvsimple/wiki/IPTV-Simple-Home</summary>
    <summary lang="he_IL">לקוח טלוויזיה חיה עם תמיכה ב־IPTV.&amp;#10;https://github.com/afedchin/Kodi-addon-iptvsimple/wiki/IPTV-Simple-Home</summary>
    <summary lang="hr_HR">Kodi PVR dodatak za IPTV podršku. https://github.com/afedchin/Kodi-addon-iptvsimple/wiki/IPTV-Simple-Home</summary>
    <summary lang="hu_HU">Kodi PVR kiegészítő az IPTV támogatáshoz. https://github.com/afedchin/Kodi-addon-iptvsimple/wiki/IPTV-Simple-Home</summary>
    <summary lang="id_ID">Pengaya PVR Kodi untuk dukungan IPTV. https://github.com/afedchin/Kodi-addon-iptvsimple/wiki/IPTV-Simple-Home</summary>
    <summary lang="is_IS">Kodi upptökuviðbót fyrir stuðning við IPTV. https://github.com/afedchin/Kodi-addon-iptvsimple/wiki/IPTV-Simple-Home</summary>
    <summary lang="it_IT">Addon PVR Kodi per il supporto IPTV. https://github.com/afedchin/Kodi-addon-iptvsimple/wiki/IPTV-Simple-Home</summary>
    <summary lang="ja_JP">IPTV をサポートする Kodi PVR アドオンです。 https://github.com/afedchin/Kodi-addon-iptvsimple/wiki/IPTV-Simple-Home</summary>
    <summary lang="ko_KR">IPTV 지원을 위한 Kodi PVR 애드온.</summary>
    <summary lang="lt_LT">Kodi PVR priedas IPTV palaikymui. https://github.com/afedchin/Kodi-addon-iptvsimple/wiki/IPTV-Simple-Home</summary>
    <summary lang="lv_LV">Kodi PVR pielikums IPTV atbalstam. https://github.com/afedchin/Kodi-addon-iptvsimple/wiki/IPTV-Simple-Home</summary>
    <summary lang="mk_MK">Kodi PVR додаток за IPTV. https://github.com/afedchin/Kodi-addon-iptvsimple/wiki/IPTV-Simple-Home</summary>
    <summary lang="ms_MY">Tambahan PVR Kodi untuk sokongan IPTV https://github.com/afedchin/Kodi-addon-iptvsimple/wiki/IPTV-Simple-Home</summary>
    <summary lang="mt_MT">PVR addon ta' Kodi għall-IPTV. https://github.com/afedchin/Kodi-addon-iptvsimple/wiki/IPTV-Simple-Home</summary>
    <summary lang="nb_NO">Kodi PVR-tillegg for IPTV-støtte. https://github.com/afedchin/Kodi-addon-iptvsimple/wiki/IPTV-Simple-Home</summary>
    <summary lang="nl_NL">Kodi PVR-add-on voor IPTV-ondersteuning. https://github.com/afedchin/Kodi-addon-iptvsimple/wiki/IPTV-Simple-Home</summary>
    <summary lang="pl_PL">Klient telewizji dla telewizji internetowej. Więcej informacji o dodatku: https://github.com/afedchin/Kodi-addon-iptvsimple/wiki/IPTV-Simple-Home</summary>
    <summary lang="pt_BR">Addon de PVR no Kodi com suporte a IPTV. https://github.com/afedchin/Kodi-addon-iptvsimple/wiki/IPTV-Simple-Home</summary>
    <summary lang="pt_PT">Add-on PVR do Kodi para suporte de IPTV. https://github.com/afedchin/Kodi-addon-iptvsimple/wiki/IPTV-Simple-Home</summary>
    <summary lang="ro_RO">Supliment PVR Kodi pentru suport IPTV. https://github.com/afedchin/Kodi-addon-iptvsimple/wiki/IPTV-Simple-Home</summary>
    <summary lang="ru_RU">Kodi PVR аддон для поддержки IPTV.</summary>
    <summary lang="sk_SK">Kodi PVR doplnok umožňujúci IPTV podporu. https://github.com/afedchin/Kodi-addon-iptvsimple/wiki/IPTV-Simple-Home</summary>
    <summary lang="sl_SI">Kodijev dodatek PVR s podporo za IPTV. https://github.com/afedchin/Kodi-addon-iptvsimple/wiki/IPTV-Simple-Home</summary>
    <summary lang="sr_RS">Kodi PVR додатни програм за IPTV подршку. https://github.com/afedchin/Kodi-addon-iptvsimple/wiki/IPTV-Simple-Home</summary>
    <summary lang="sr_RS@latin">Kodi PVR dodatni program za IPTV podršku. https://github.com/afedchin/Kodi-addon-iptvsimple/wiki/IPTV-Simple-Home</summary>
    <summary lang="sv_SE">PVR-tillägg med IPTV-support för Kodi. https://github.com/afedchin/Kodi-addon-iptvsimple/wiki/IPTV-Simple-Home</summary>
    <summary lang="szl">Klijynt telewizyjny dlŏ telewizyje internetowyj. Wiyncyj informacyji ô przidŏwku: https://github.com/afedchin/Kodi-addon-iptvsimple/wiki/IPTV-Simple-Home</summary>
    <summary lang="tr_TR">IPTV desteği için Kodi PVR eklentisi. https://github.com/afedchin/Kodi-addon-iptvsimple/wiki/IPTV-Simple-Home</summary>
    <summary lang="uk_UA">PVR надбудова Kodi для підтримки IPTV. https://github.com/afedchin/Kodi-addon-iptvsimple/wiki/IPTV-Simple-Home</summary>
    <summary lang="zh_CN">支持 IPTV 的 Kodi PVR 插件。</summary>
    <summary lang="zh_TW">支援IPTV的Kodi PVR附加元件。https://github.com/afedchin/Kodi-addon-iptvsimple/wiki/IPTV-Simple-Home。</summary>
    <description lang="af_ZA">IPTV Simple PVR kliënt ondersteun M3U speellyste, stroom van lewendige TV vir multisaai / unisaai bronne, luister na radio kanale en EPG.</description>
    <description lang="bg_BG">Прост клиент за ПВР за телевизия по Интернет. Поддържа списъци за възпроизвеждане във формат „m3u“, поточно предавана телевизия от източници с излъчване мултикаст и уникаст, слушане на радио канали и електронен програмен справочник.</description>
    <description lang="ca_ES">Client senzill per a IPTV PVR compatible amb les llistes de reproducció m3u, transmissions en línia de TV en directe per als orígens difusió única o múltiple, escolta d'emissores de ràdio i guia electrònica de programació (EPG).</description>
    <description lang="cs_CZ">Jednoduchý klient PVR pro IPTV podporuje seznamy stop m3u, streamování živého vysílání pro zdroje vícesměrového nebo jednosměrového vysílání, poslech rozhlasových stanic a televizní program.</description>
    <description lang="cy_GB">Mae Cleient IPTV Simple PVR yn cynnal rhestrau m3u, ffrydio Teledu Byw o ffynonellau darlledu eang ac unigol, gwrando ar sianeli Radio ac Amserlen Rhaglenni.</description>
    <description lang="da_DK">IPTV Simple PVR klient understøtter m3u playlister, streaming af direkte tv til multicast/unicast kilder, lytning til radiokanaler og EPG.&amp;#10; &amp;#10;For dokumentation besøg: https://github.com/kodi-pvr/pvr.iptvsimple/blob/Matrix/README.md&amp;#10;    </description>
    <description lang="de_DE">IPTV Simple PVR Client unterstützt m3u Wiedergabelisten, Streaming von Live-TV für Multicast/Unicast Quellen, Radiosender und EPG.    </description>
    <description lang="el_GR">Απλός Πελάτης PVR του IPTV, με υποστήριξη λιστών αναπαραγωγής m3u, αναπαραγωγή ροών Live TV για πηγές πολλαπλής/μοναδικής διανομής, ακρόαση ραδιοφωνικών καναλιών και EPG.</description>
    <description lang="en_AU">IPTV Simple PVR Client support m3u playlists, streaming of Live TV for multicast/unicast sources, listening to Radio channels and EPG.</description>
    <description lang="en_GB">IPTV Simple PVR Client support m3u playlists, streaming of Live TV for multicast/unicast sources, listening to Radio channels and EPG.&amp;#10;    &amp;#10;For documentation visit: https://github.com/kodi-pvr/pvr.iptvsimple/blob/Matrix/README.md&amp;#10;    </description>
    <description lang="en_NZ">IPTV Simple PVR Client support m3u playlists, streaming of Live TV for multicast/unicast sources, listening to Radio channels and EPG.</description>
    <description lang="en_US">IPTV Simple PVR Client support m3u playlists, streaming of Live TV for multicast/unicast sources, listening to Radio channels and EPG.</description>
    <description lang="es_AR">Cliente simple PVR IPTV.  Reproduce de TV en Vivo multicast/unicast y listas m3u8&amp;#10; . reproduce tambien canales de radio y GEP</description>
    <description lang="es_ES">El cliente PVR IPTV Simple soporta listas M3U, reproducción de TV en Vivo para origenes multicast/unicast, escucha de canales de radio y EPG</description>
    <description lang="es_MX">IPTV Simple PVR Client soporta listas de reproducción m3u, streaming de Live TV para fuentes multicast / unicast, escuchando para canales de radio y EPG.</description>
    <description lang="fi_FI">IPTV-lisäosa tukee m3u-toistolistoja, multicast/unicast-tv-lähetysten toistoa, radiokanavia ja ohjelmaopasta.</description>
    <description lang="fr_CA">Client de numériscope simple pour IPTV, prenant en charge les listes de lecture m3u, la diffusion en continu des télés en direct pour les sources de multidiffusion et de monodiffusion, l’écoute de chaînes radio, et le GÉP.</description>
    <description lang="fr_FR">Le client enregistreur vidéo (PVR) IPTV Simple gère les listes de lecture M3U, la diffusion en continu de la TV en direct en mono ou multidiffusion, l'écoute des chaînes radio et le guide électronique des programmes TV.</description>
    <description lang="gl_ES">O cliente PVR simple de IPTV soporta listaxes m3u, transmisión de TV en directo para fontes multicast/unicast, escoita de canles de Radio e Guía.</description>
    <description lang="he_IL">לקוח טלוויזיה חיה IPTV Simple תומך ברשימות m3u, הזרמת שידורים חיים ממקור מרובב/ סטרים בודד, האזנה לתחנות רדיו והצגת לוח שידורים.</description>
    <description lang="hr_HR">IPTV Simple PVR klijent podržava m3u popise izvođenja, streamanje TV programa s više ili jednog izvora, slušanje radio programa i elektronski programski vodič (EPG).</description>
    <description lang="hu_HU">Az IPTV PVR kiegészítő támogatja m3u listák lejátszását, élő TV adások hálózati streamelését, rádióadók hallgatását EPG adatok kezelésével.</description>
    <description lang="id_ID">IPTV, klien PTV sederhana yang mendukung playlist m3u, pengaliran siaran TV langsung untuk sumber multicast/unicast, mendengarkan radio dan EPG.</description>
    <description lang="is_IS">Einfaldur upptökubiðlari fyrir IPTV sem styður m3u spilunarlista, streymingu af beinum útsendingum frá multicast/unicast þjónustum, hlustun á útvarpsrásir og rafræna dagskrárvísa</description>
    <description lang="it_IT">Il client IPTV Simple PVR supporta playlist m3u, streaming della Live TV per sorgenti multicast/unicast e ascoltare canali Radio ed EPG.</description>
    <description lang="ja_JP">IPTV シンプル PVR クライアントは、m3u プレイリスト、マルチキャスト/ユニキャストのライブ TV ストリーミング、ラジオチャンネルや EPG の視聴をサポートしています。</description>
    <description lang="ko_KR">IPTV Simple PVR 클라이언트는 m3u 재생목록, 스트리밍, 멀티캐스트/유니캐스트 소스의 TV 시청, 라디오 채널과 EPG를 통한 청취를 지원합니다.&amp;#10;    &amp;#10;For documentation visit: https://github.com/kodi-pvr/pvr.iptvsimple/blob/Matrix/README.md&amp;#10;    </description>
    <description lang="lt_LT">IPTV Simple PVR klientas palaiko m3u grojaraščius, TV transliacijas iš multicast/unicast šaltinių, radijo stočių transliacijas ir EPG.</description>
    <description lang="lv_LV">IPTV vienkāršais PVR klients atbalsta m3u spēļsarakstus, tiešraides TV straumēšanu multiraides/uniraides avotiem, radio kanālu klausīšanos un EPG.</description>
    <description lang="mk_MK">IPTV Simple PVR Client поддржува m3u листи, гледање на Live TV од multicast/unicast извори, слушање Радио канали и EPG.</description>
    <description lang="ms_MY">Klien PVR IPTV Simple menyokong senarai audio visual m3u, penstriman TV Langsung untuk sumber satu siaran/berbilang-siaran, mendengar saluran Radio dan EPG.</description>
    <description lang="mt_MT">IPTV Simple PVR Client jiflaħ għal playlists m3u, streaming ta' TV Lajv għal sorsi multicast/unicast, smiegħ ta' stazzjonijiet tar-Radju u EPG.</description>
    <description lang="nb_NO">IPTV Simple PVR-klient støtter m3u-spillelister, strømming av direkte-TV, lytting til radiokanaler og programguider.</description>
    <description lang="nl_NL">IPTV Simple PVR cliënt ondersteunt m3u-afspeellijsten, streaming van live-TV voor multicast/unicastbronnen, luisteren naar radiozenders en EPG.</description>
    <description lang="pl_PL">Klient telewizji dla telewizji internetowej obsługuje listy odtwarzania m3u, transmisję kanałów radiowych i telewizyjnych ze źródeł punktowych i grupowych oraz funkcje przewodnika telewizyjnego.</description>
    <description lang="pt_BR">O cliente de PVR IPTV Simple Client oferece suporte para listas m3u, transmissão de TV ao vivo de fontes multicast/unicast, transmissão de rádios e, ainda, suporte a guia de programação eletrônico - EPG.</description>
    <description lang="pt_PT">Cliente IPTV Simple PVR com suporte a listas de reprodução m3u, transmissão de TV em direto de fontes multidifusão/unidifusão, ouvir estações de rádio e EPG.</description>
    <description lang="ro_RO">PVR Client IPTV suporta liste m3u, redare TV în direct pentru surse de multicast/unicast, ascultare canale radio si EPG.</description>
    <description lang="ru_RU">IPTV Simple PVR поддерживает просмотр потокового ТВ для юникаст/мультикаст источников, прослушивание радиоканалов и работу с телегидом.&amp;#10;    &amp;#10;Для документации посетите: https://github.com/kodi-pvr/pvr.iptvsimple/blob/Matrix/README.md&amp;#10;    </description>
    <description lang="sk_SK">Jednoduchý IPTV PVR klient podporuje mp3 zoznamy súborov, streamovanie živého televízneho vysielania ako multicast/unicast zdroje, počúvanie rozhlasových kanálov a EPG.</description>
    <description lang="sl_SI">IPTV Simple odjemalec PVR podpira sezname m3u, pretakanja TV v živo za vire multicast/unicast, poslušenje radijskih postaj in EPG.</description>
    <description lang="sr_RS">IPTV Једноставан PVR Клијент подржава m3u листе за репродукцију, стримовање ТВ Уживо за multicast/unicast изворе, слушање Радио канала и EPG.</description>
    <description lang="sr_RS@latin">IPTV Jednostavan PVR Klijent podržava m3u liste za reprodukciju, strimovanje TV Uživo za multicast/unicast izvore, slušanje Radio kanala i EPG.</description>
    <description lang="sv_SE">IPTV Simple PVR Client stöder m3u-spellistor, strömmande Live-TV för multicast/unicast-källor, radiolyssning och EPG.</description>
    <description lang="szl">Klijynt telewizyje dlŏ telewizyje internetowyj ôbsuguje wykŏzy ôdtwŏrzaniŏ m3u, szpricowanie kanałōw radyjowych i telewizyjnych ze źrōdeł pōnktowych i skupinowych, a tyż fōnkcyje EPG.</description>
    <description lang="tr_TR">IPTV Basit PVR İstemcisi m3u çalma listeleri, multicast/unicast kaynaklar için Canlı TV akışı, radyo kanallarını dinleme ve EPG destekler.</description>
    <description lang="zh_CN">IPTV Simple PVR 客户端支持 m3u 播放列表、多播/单播源直播电视、收听电台和电子节目单。    &amp;#10; 访问 https://github.com/kodi-pvr/pvr.iptvsimple/blob/Matrix/README.md 以获取相关文档&amp;#10;    </description>
    <description lang="zh_TW">IPTV Simple PVR 用戶端支援m3u 播放列表，來自multicast/unicast 的即時電視串流，收聽廣播及電子節目表。&amp;#10;    &amp;#10;查看說明文件請造訪: https://github.com/kodi-pvr/pvr.iptvsimple/blob/Matrix/README.md&amp;#10;    </description>
    <disclaimer lang="af_ZA">Hierdie is onstabiele sagteware! Die outeurs is op geen manier verantwoordelik vir gefaalde spele, inkorrekte EPG tye, vermorsde ure, of enige ander ongewensde effekte.</disclaimer>
    <disclaimer lang="bg_BG">Тази програма е нестабилна! Авторите не носят отговорност за неуспешно възпроизвеждане, некоректни часове в електронния програмен справочник, пропиляното време и други нежелани ефекти.</disclaimer>
    <disclaimer lang="ca_ES">Aquest programari és inestable! Els autors no es fan responsables de reproduccions fallides, horaris incorrectes a la guia electrònica de programació (EPG), hores perdudes o qualsevol altre efecte no desitjat.</disclaimer>
    <disclaimer lang="cs_CZ">Tento software není stabilní! Autoři nejsou žádným způsobem zodpovědní za neúspěšná přehrávání, chybné časy televizního programu, ztracený čas nebo jakékoliv jiné nežádoucí efekty.</disclaimer>
    <disclaimer lang="cy_GB">Mae'r feddalwedd hon yn fregus! Nid yw'r awduron yn gyfrifol mewn unrhyw ffordd am fethu recordio, amseru gwallus, oriau wedi eu gwastraffu nac effeithiau annymunol eraill.</disclaimer>
    <disclaimer lang="da_DK">Udviklerne er på ingen måde ansvarlig for mislykkede afspilninger, forkerte EPG-tider, spildte timer eller andre uønskede konsekvenser.</disclaimer>
    <disclaimer lang="de_DE">Die Autoren sind in keiner Weise verantwortlich für fehlgeschlagene Wiedergaben, falsche EPG-Zeiten, verschwendete Zeit oder unerwünschte Effekte jeglicher Art.</disclaimer>
    <disclaimer lang="el_GR">Ασταθές πρόγραμμα! Οι δημιουργοί δεν είναι σε καμία περίπτωση υπεύθυνοι για αποτυχημένες εγγραφές, λανθασμένους χρονοδιακόπτες, χαμένες ώρες, ή κάθε είδους ανεπιθύμητα αποτελέσματα.</disclaimer>
    <disclaimer lang="en_AU">This is unstable software! The authors are in no way responsible for failed playings, incorrect EPG times, wasted hours, or any other undesirable effects.</disclaimer>
    <disclaimer lang="en_GB">The authors are in no way responsible for failed playings, incorrect EPG times, wasted hours, or any other undesirable effects.</disclaimer>
    <disclaimer lang="en_NZ">This is unstable software! The authors are in no way responsible for failed playings, incorrect EPG times, wasted hours, or any other undesirable effects.</disclaimer>
    <disclaimer lang="en_US">This is unstable software! The authors are in no way responsible for failed playings, incorrect EPG times, wasted hours, or any other undesirable effects.</disclaimer>
    <disclaimer lang="es_AR">Este es un software inestable. El autor no se hace responsable por reproducciones fallidas, datos de GEP incorrectos, horas perdidas o cualquier otro efecto indeseable.</disclaimer>
    <disclaimer lang="es_ES">Este es un software inestable! El autor no se hace responsable de reproducciones fallidas, datos de EPG incorrectos, horas perdidas o cualquier otro efecto indeseado.</disclaimer>
    <disclaimer lang="es_MX">¡Este es un software inestable! Los autores no son responsables en absoluto de reproducciones fallidas, tiempos EPG incorrectos, desperdicio de horas, o cualquier otro efecto indeseable.</disclaimer>
    <disclaimer lang="eu_ES">Software hau ezegonkorra da! Egileak ez dira inolaz ere erantzule editen erreprodukzio akatsez, EPG denbora okerrez, ordu galduez edo beste edozein ondorio ezerosotaz.</disclaimer>
    <disclaimer lang="fi_FI">Tämä on epävakaa ohjelma! Sen tekijät eivät ole millään muotoa vastuussa epäonnistuneista tallennuksista, virheellisistä ajastuksista, haaskatusta ajasta, verenpaineen noususta tai mistään muusta epäsuotuisasta vaikutuksesta.</disclaimer>
    <disclaimer lang="fr_CA">Ce logiciel est instable ! Les auteurs ne sont aucunement responsables des lectures défaillantes, d’horaires erronés du GÉP, des heures perdues ou tout autre effet indésirable.</disclaimer>
    <disclaimer lang="fr_FR">Logiciel en cours d'élaboration ! Les auteurs ne sont en aucun cas responsables de l'échec des enregistrements, programmations défectueuses, temps perdu ou autres effets indésirables.</disclaimer>
    <disclaimer lang="gl_ES">Este software non é estábel! Os autores non se fan responsábeis dos erros na reproducción, horarios incorrectos na Guía, horas vencidas, e otros efectos non desexados.</disclaimer>
    <disclaimer lang="he_IL">זוהי איננה הרחבה יציבה! המפתחים אינם אחראים על כשלון בניגון, זמנים שגויים במדריך השידורים, שעות מבוזבזות או כל תופעה לא רצויה אחרת.</disclaimer>
    <disclaimer lang="hr_HR">Ovo je nestabilan softver! Autori nisu ni na koji način odgovorani za neuspjelo snimanje, netočna zakazana snimanja, izgubjene sate, ili bilo koje druge neželjene učinke...</disclaimer>
    <disclaimer lang="hu_HU">Ez nem stabil szoftver! A készítők nem vállalnak felelősséget, a hibás felvételért, rossz időzítésért, elvesztegetett időért...</disclaimer>
    <disclaimer lang="id_ID">Perangkat lunak ini belum stabil. Penulis tidak akan bertanggung-jawa untuk kegagalan penyetelan, waktu EPG yang tidak tepat, Waktu yang terbuang dan efek yang tidak diinginkan lainnya.</disclaimer>
    <disclaimer lang="is_IS">Þetta er óstöðugur hugbúnaður! Höfundarnir eru á engan hátt ábyrgir fyrir misheppnuðum spilunum, röngum upptökutímum, klukkustundum sem að fóru í súginn eða nokkrum öðrum óæskilegum áhrifum.</disclaimer>
    <disclaimer lang="it_IT">Questo software è instabile! Gli autori non sono in alcun modo responsabili per registrazioni fallite, timers incorretti, ore perse, o qualsiasi altro effetto indesiderato.</disclaimer>
    <disclaimer lang="ja_JP">これは不安定なソフトウェアです！本プログラムの作者は、再生の失敗、EPG 時刻のずれ、無駄にした時間、その他あらゆる好ましくない結果について責任を負わないものとします。</disclaimer>
    <disclaimer lang="ko_KR">이 소프트웨어는 불안정합니다! 재생 실패, 정확하지 않은 EPG 시각, 시간 낭비, 의도하지 않은 현상에 대해 제작자는 어떤 책임도 지지 않습니다.</disclaimer>
    <disclaimer lang="lt_LT">Tai yra nestabili programinė įranga! Autoriai nėra atsakingi dėl nepavykusio atkūrimo, klaidingo EPG laiko, prarastų valandų ar kito nepageidaujamo poveikio.</disclaimer>
    <disclaimer lang="lv_LV">Šī ir nestabila programmatūra! Autori nav atbildīgi par neizdevušos atskaņošanu, nepareizu EPG laiku, iztērētām stundām vai jebkādiem citiem nevēlamiem efektiem.</disclaimer>
    <disclaimer lang="mk_MK">Ова е нестабилен софтвер! Авторите во никој случај не се одговорни за неуспешно гледање, неточни времиња во EPG, вашето потрошено време или било кои непосакувани ефекти.</disclaimer>
    <disclaimer lang="ms_MY">Perisian ini tidak stabi! Pengarang tidak bertanggungjawab atas kegagalan memainkan, pemasa EPG yang tidak betul, pembaziran masa atau sebarang kesan tidak diingini.</disclaimer>
    <disclaimer lang="mt_MT">Dan il-programm mhuwiex stabbli! L-awturi m'huma bl-ebda mod responsabbli għal daqq li ma jirnexxiex, ħinijiet tal-EPG żbaljati, siegħat moħlija jew kwalunkwe effet ieħor mhux mixtieq.</disclaimer>
    <disclaimer lang="nb_NO">Dette er et ustabilt program! Skaperne er på ingen måte ansvarlig for feil ved avspilling, feil programguidetider, bortkastede timer eller andre uønskede ting.</disclaimer>
    <disclaimer lang="nl_NL">De auteurs zijn op geen enkele wijze aansprakelijk voor mislukte opnames, incorrecte EPG-tijden, verspilde uren, of enig ander ongewild neveneffect..</disclaimer>
    <disclaimer lang="pl_PL">Oprogramowanie nadal jest w fazie rozwoju i jest niestabilne! Autorzy w żaden sposób nie są odpowiedzialni za nieudane nagrania, błędy w harmonogramie nagrań, zmarnowany czas ani jakiekolwiek inne niepożądane efekty.</disclaimer>
    <disclaimer lang="pt_BR">Este é um software instável! Os autores não são responsáveis por falhas nas reproduções, horários incorretos no EPG, horas perdidas ou quaisquer outros efeitos indesejáveis.</disclaimer>
    <disclaimer lang="pt_PT">Este software é instável! Os autores não podem ser responsabilizados por gravações falhadas, temporizadores incorretos, horas desperdiçadas ou qualquer outro tipo de efeitos indesejáveis...</disclaimer>
    <disclaimer lang="ro_RO">Această parte din program nu este stabilă! Autorii nu sunt responsabili în nici un fel pentru înregistrări eșuate, cronometrări EPG incorecte, ore pierdute sau orice alte efecte nedorite.</disclaimer>
    <disclaimer lang="ru_RU">Это нестабильная программа! Авторы не несут ответственности за неудачные воспроизведение, неверные время EPG, потраченное время и прочие нежелательные эффекты.</disclaimer>
    <disclaimer lang="sk_SK">Toto je nestabilný softvér! Autori nie sú v žiadnom prípade zodpovední za chybné prehrávanie, nesprávne časy EPG, premrhané hodiny alebo akékoľvek iné nežiadúce účinky.</disclaimer>
    <disclaimer lang="sl_SI">To je nestabilna programska oprema! Avtorji niso odgovorni za neuspela predvajanja, nepravilne čase v EPG, zapravljen čas in katerikoli drug neželen učinek.</disclaimer>
    <disclaimer lang="sr_RS">Овај софтвер је нестабилан! Аутори ни на који начин нису одговорни за неуспела снимања, неисправне тајмере, изгубљене сате, или било које друге нежељене ефекте.</disclaimer>
    <disclaimer lang="sr_RS@latin">Ovaj softver je nestabilan! Autori ni na koji način nisu odgovorni za neuspela snimanja, neispravne tajmere, izgubljene sate, ili bilo koje druge neželjene efekte.</disclaimer>
    <disclaimer lang="sv_SE">Denna mjukvara är ostabil! Författarna kan inte på något sätt hållas ansvariga för felaktiga uppspelningar, EPG-tider, bortslösade timmar eller andra oönskade effekter.</disclaimer>
    <disclaimer lang="szl">To je niystabilny softwer! Autōry niy sōm ôdpedzialne za niypodarzōne graniy, niynŏleżne godziny EPG, stracōne godziny i inksze niychciane efekty.</disclaimer>
    <disclaimer lang="tr_TR">Bu kararsız bir yazılımdır! Yazanlar oynatma hatası, yanlış EPG zamanları, harcanmış saatler ya da diğer etkilerden sorumlu değildir.</disclaimer>
    <disclaimer lang="zh_CN">作者不对播放失败、错误的电子节目单时间造成时间浪费或其它不良影响负责。</disclaimer>
    <disclaimer lang="zh_TW">這是測試中的軟體！原創作者無法針對以下情況負責：包括播放失敗，不正確的電子節目表，多餘的時數，或任何不可預期的不良影響。</disclaimer>
    <path>pvr.aguia.de.fogosimple+android-aarch64/pvr.aguia.de.fogosimple-20.6.3.zip</path>
  </extension>
</addon>
