<?xml version="1.0" encoding="UTF-8"?>
<window type="dialog" id="14000">
    <defaultcontrol always="true">3000</defaultcontrol>

    <coordinates>
        <system>1</system>
        <posx>0</posx>
        <posy>0</posy>
    </coordinates>

    <controls>
        <!-- Fundo Dimmer -->
        <control type="image">
            <description>Fundo Dimmer</description>
            <posx>0</posx>
            <posy>0</posy>
            <width>1920</width>
            <height>1080</height>
            <texture>colors/black.png</texture>
            <colordiffuse>F2000000</colordiffuse>
        </control>
        
        <!-- Painel de Fundo Sólido (MAIOR) -->
        <control type="image">
            <description>Painel de Fundo Sólido</description>
            <posx>410</posx> <!-- Ajustado para centralizar -->
            <posy>165</posy> <!-- Ajustado para centralizar -->
            <width>1100</width> <!-- Aumentado de 900 -->
            <height>750</height> <!-- Aumentado de 590 -->
            <texture colordiffuse="ff181818">white.png</texture>
        </control>

        <!-- Título Principal -->
        <control type="label" id="101">
            <description>Título</description>
            <posx>440</posx> <!-- Posição ajustada -->
            <posy>200</posy> <!-- Posição ajustada -->
            <width>1040</width> <!-- Largura ajustada -->
            <height>40</height>
            <font>font30_title</font>
            <textcolor>gold</textcolor>
            <align>center</align>
            <label>[B]ACESSO VIP - CANAIS, FILMES E SÉRIES[/B]</label>
        </control>

        <!-- Ícone do GitHub (MAIOR) -->
        <control type="image">
            <description>Logo Customizado</description>
            <posx>835</posx> <!-- Posição ajustada -->
            <posy>275</posy> <!-- Posição ajustada -->
            <width>250</width> <!-- Tamanho aumentado -->
            <height>250</height> <!-- Tamanho aumentado -->
            <aspectratio>keep</aspectratio>
            <texture>$INFO[Window.Property(logo_image)]</texture>
        </control>
        
        <!-- Caixa de Texto com a Mensagem Principal -->
        <control type="textbox" id="201">
            <description>Mensagem</description>
            <posx>460</posx> <!-- Posição ajustada -->
            <posy>555</posy> <!-- Posição ajustada -->
            <width>1000</width> <!-- Largura ajustada -->
            <height>180</height>
            <font>font15</font> <!-- Fonte um pouco maior -->
            <textcolor>white</textcolor>
            <align>center</align>
            <label>O conteúdo de Canais, Filmes e Séries é exclusivo para membros VIP.[CR][CR]Para saber mais sobre como se tornar VIP e ter acesso a todo o conteúdo, entre em contato.</label>
        </control>

        <!-- Informação do Telegram -->
        <control type="label" id="202">
            <description>Contato Telegram</description>
            <posx>440</posx> <!-- Posição ajustada -->
            <posy>760</posy> <!-- Posição ajustada -->
            <width>1040</width> <!-- Largura ajustada -->
            <height>40</height>
            <font>font16_title</font> <!-- Fonte um pouco maior -->
            <textcolor>deepskyblue</textcolor>
            <align>center</align>
            <label>[B]Telegram:[/B] @gh000000000000st</label>
        </control>

        <!-- Botão Fechar -->
        <control type="button" id="3000">
            <description>Botão Fechar</description>
            <posx>860</posx> <!-- Posição ajustada -->
            <posy>835</posy> <!-- Posição ajustada -->
            <width>200</width>
            <height>50</height>
            <texturenofocus colordiffuse="ff606060" border="5">white.png</texturenofocus>
            <texturefocus colordiffuse="ffffffff" border="5">white.png</texturefocus>
            <label>Fechar</label>
            <font>font13_title</font>
            <align>center</align>
            <textcolor>ffffffff</textcolor>
            <focusedcolor>ff000000</focusedcolor>
            <onclick>Action(close)</onclick>
        </control>
        
    </controls>
</window>